id,name,email,ip_address,city,country
1,Celestyna,chugo0@themeforest.net,65.227.181.167,Karditsomagoúla,Greece
2,Doralin,dfranzoli1@addtoany.com,110.59.180.220,Lagoa da Prata,Brazil
5,Rebeca,rrosendahl4@eepurl.com,101.158.98.150,Ilha de Moçambique,Mozambique
7,Cyndie,ccockburn6@list-manage.com,37.205.53.117,Aix-en-Provence,France
8,Jacki,jbortolussi7@wikispaces.com,228.124.176.198,Huoli,China
9,Farr,fguilaem8@soundcloud.com,221.21.135.192,Baturaden,Indonesia
11,Worthy,wmasedona@comsenz.com,146.255.6.120,Ucluelet,Canada
12,Dom,dbuckettb@ucsd.edu,182.143.139.71,Taiyanghe,China
13,Elinore,edumbeltonc@sciencedirect.com,176.241.147.125,Lomma,Sweden
14,Gilbert,gkeslaked@columbia.edu,62.66.120.247,Bielsk Podlaski,Poland
18,Willy,wcrasswellerh@about.me,175.61.36.245,Dhali,Cyprus
19,Townie,thelleri@guardian.co.uk,57.13.103.216,Sobinka,Russia
20,Dominik,ddickensonj@usatoday.com,42.21.183.79,Hoàn Kiếm,Vietnam
21,Vassily,vchandlark@abc.net.au,245.37.33.42,Frankfort,United States
22,Cherish,cbarnwilll@cbc.ca,188.66.243.112,Saky,Ukraine
23,Rollie,rrudsdellm@answers.com,104.117.53.143,Forshaga,Sweden
25,Irwinn,icleoburyo@icq.com,176.160.180.69,Paitan Este,Philippines
100,Deanne,ddorracott2r@irs.gov,205.179.41.10,Bundoc,Philippines
101,Blanca,bmcamish2s@com.com,150.45.9.195,Rudniki,Poland
102,Cristie,cswatheridge2t@digg.com,48.254.66.190,Pali,Indonesia
103,Carin,cmauditt2u@lulu.com,68.55.180.49,Ijūin,Japan
104,Rand,rfarnish2v@youku.com,82.244.234.51,Beberon,Philippines
105,Fonsie,fdentith2w@alibaba.com,81.44.163.97,Novodvinsk,Russia
